YearMonth,Heating_Oil_Price,CPI,Real_Heating_Oil_Price,Heating_Degree_Days,Date,Year,Month,Quarter,Price_Change,Price_PctChange,Price_MA3,HDD_Category,HDD_Lag1,HDD_Lag3
2000-01,1.189,169.3,0.0070230360307147,1163.0,2000-01-01,2000,1,1,,,,Severe,,
2000-02,1.614,170.0,0.0094941176470588,894.0,2000-02-01,2000,2,1,0.0024710816163441007,0.35185375748280623,,Severe,1163.0,
2000-03,1.359,171.0,0.0079473684210526,673.0,2000-03-01,2000,3,1,-0.0015467492260062,-0.16291658514315654,0.0081548406996087,Cold,894.0,
2000-04,1.286,170.9,0.0075248683440608,530.0,2000-04-01,2000,4,2,-0.0004225000769918002,-0.053162261343339345,0.008322118137390734,Cold,673.0,1163.0
2000-05,1.263,171.2,0.0073773364485981,256.0,2000-05-01,2000,5,2,-0.00014753189546270074,-0.019605910524553405,0.007616524404570501,Mild,530.0,894.0
2000-06,1.249,172.2,0.007253193960511,77.0,2000-06-01,2000,6,2,-0.0001241424880870992,-0.016827548662321057,0.0073851329177233,Mild,256.0,673.0
2000-07,1.25,172.7,0.0072379849449913,7.0,2000-07-01,2000,7,3,-1.5209015519700511e-05,-0.0020968714751741224,0.007289505118033467,Warm,77.0,530.0
2000-08,1.246,172.7,0.0072148233931673,3.0,2000-08-01,2000,8,3,-2.316155182399953e-05,-0.0032000000000037554,0.0072353340995565335,Warm,7.0,256.0
2000-09,1.407,173.6,0.0081048387096774,113.0,2000-09-01,2000,9,3,0.0008900153165100995,0.1233592657795306,0.007519215682612,Mild,3.0,77.0
2000-10,1.453,173.9,0.0083553766532489,349.0,2000-10-01,2000,10,4,0.0002505379435715008,0.03091214428145883,0.007891679585364533,Cold,113.0,7.0
2000-11,1.477,174.2,0.0084787600459242,636.0,2000-11-01,2000,11,4,0.00012338339267529974,0.014766945620257932,0.008312991802950167,Cold,349.0,3.0
2000-12,1.528,174.6,0.0087514318442153,1110.0,2000-12-01,2000,12,4,0.00027267179829110026,0.032159395573669425,0.008528522847796134,Severe,636.0,113.0
2001-01,1.509,175.6,0.0085933940774487,1087.0,2001-01-01,2001,1,1,-0.00015803776676660136,-0.018058503977387952,0.008607861989196067,Severe,1110.0,349.0
2001-02,1.463,176.0,0.0083125,932.0,2001-02-01,2001,2,1,-0.0002808940774486988,-0.03268721007289055,0.008552441973888,Severe,1087.0,636.0
2001-03,1.394,176.1,0.007915956842703,921.0,2001-03-01,2001,3,1,-0.000396543157297001,-0.04770443997557905,0.008273950306717232,Severe,932.0,1110.0
2001-04,1.367,176.4,0.0077494331065759,497.0,2001-04-01,2001,4,2,-0.0001665237361270994,-0.021036463365840974,0.007992629983092968,Cold,921.0,1087.0
2001-05,1.343,177.3,0.0075747320924985,223.0,2001-05-01,2001,5,2,-0.00017470101407740003,-0.02254371534985633,0.007746707347259133,Mild,497.0,932.0
2001-06,1.322,177.7,0.0074395047833427,19.0,2001-06-01,2001,6,2,-0.00013522730915579984,-0.01785242137998777,0.007587889994139033,Warm,223.0,921.0
2001-07,1.257,177.4,0.0070856820744081,3.0,2001-07-01,2001,7,3,-0.0003538227089346004,-0.04755998137494599,0.0073666396500831,Warm,19.0,497.0
2001-08,1.238,177.4,0.0069785794813979,1.0,2001-08-01,2001,8,3,-0.00010710259301019952,-0.015115354017509519,0.007167922113049566,Warm,3.0,223.0
2001-09,1.285,178.1,0.0072150477259966,69.0,2001-09-01,2001,9,3,0.0002364682445986999,0.03388486800630841,0.007093103093934201,Mild,1.0,19.0
2001-10,1.227,177.6,0.0069087837837837,292.0,2001-10-01,2001,10,4,-0.0003062639422128999,-0.04244794405300989,0.0070341369970594,Mild,69.0,3.0
2001-11,1.193,177.5,0.0067211267605633,501.0,2001-11-01,2001,11,4,-0.00018765702322040036,-0.02716209235855216,0.006948319423447868,Cold,292.0,1.0
2001-12,1.117,177.4,0.0062965050732807,758.0,2001-12-01,2001,12,4,-0.0004246216872825998,-0.0631771579988788,0.0066421385392092325,Cold,501.0,69.0
2002-01,1.123,177.7,0.006319639842431,878.0,2002-01-01,2002,1,1,2.313476915030005e-05,0.003674223856099612,0.006445757225425001,Severe,758.0,292.0
2002-02,1.112,178.0,0.0062471910112359,803.0,2002-02-01,2002,2,1,-7.244883119509986e-05,-0.01146407596025767,0.006287778642315867,Severe,878.0,501.0
2002-03,1.119,178.5,0.0062689075630252,769.0,2002-03-01,2002,3,1,2.1716551789299765e-05,0.0034762106281434058,0.006278579472230701,Cold,803.0,758.0
2002-04,1.158,179.3,0.0064584495259341,466.0,2002-04-01,2002,4,2,0.00018954196290889985,0.030235246094047152,0.006324849366731733,Cold,769.0,878.0
2002-05,1.163,179.5,0.0064791086350974,243.0,2002-05-01,2002,5,2,2.0659109163300056e-05,0.003198772256459259,0.006402155241352233,Mild,466.0,803.0
2002-06,1.136,179.6,0.0063251670378619,84.0,2002-06-01,2002,6,2,-0.0001539415972355001,-0.023759687621472625,0.006420908399631133,Mild,243.0,769.0
2002-07,1.127,180.0,0.0062611111111111,1.0,2002-07-01,2002,7,3,-6.405592675079973e-05,-0.010127151799686374,0.006355128928023466,Warm,84.0,466.0
2002-08,1.135,180.5,0.0062880886426592,6.0,2002-08-01,2002,8,3,2.6977531548099884e-05,0.0043087450564844865,0.006291455597210734,Warm,1.0,243.0
2002-09,1.174,180.8,0.0064933628318584,33.0,2002-09-01,2002,9,3,0.0002052741891991998,0.03264492612374981,0.0063475208618762324,Warm,6.0,84.0
2002-10,1.203,181.2,0.0066390728476821,413.0,2002-10-01,2002,10,4,0.00014571001582370027,0.02243983889346257,0.0064735081073999,Cold,33.0,1.0
2002-11,1.221,181.5,0.0067272727272727,662.0,2002-11-01,2002,11,4,8.819987959059975e-05,0.013284969394693924,0.006619902802271066,Cold,413.0,6.0
2002-12,1.267,181.8,0.0069691969196919,988.0,2002-12-01,2002,12,4,0.0002419241924192005,0.03596170427852985,0.006778514164882233,Severe,662.0,33.0
2003-01,1.396,182.6,0.0076451259583789,1269.0,2003-01-01,2003,1,1,0.0006759290386869994,0.09698808147853022,0.007113865201781166,Severe,988.0,413.0
2003-02,1.641,183.6,0.008937908496732,1083.0,2003-02-01,2003,2,1,0.001292782538353101,0.16909891941495592,0.007850743791600933,Severe,1269.0,662.0
2003-03,1.766,183.9,0.0096030451332245,848.0,2003-03-01,2003,3,1,0.0006651366364924995,0.07441748108471868,0.008728693196111801,Severe,1083.0,988.0
2003-04,1.491,183.2,0.0081386462882096,620.0,2003-04-01,2003,4,2,-0.0014643988450149005,-0.15249317531044304,0.008893199972722034,Cold,848.0,1269.0
2003-05,1.372,182.9,0.0075013668671405,310.0,2003-05-01,2003,5,2,-0.0006372794210690999,-0.07830287722324558,0.0084143527628582,Cold,620.0,1083.0
2003-06,1.305,183.1,0.0071272528672856,80.0,2003-06-01,2003,6,2,-0.00037411399985489997,-0.04987277738590479,0.0075890886742119,Mild,310.0,848.0
2003-07,1.279,183.7,0.0069624387588459,2.0,2003-07-01,2003,7,3,-0.00016481410843970003,-0.02312449291594576,0.007197019497757333,Warm,80.0,620.0
2003-08,1.283,184.5,0.0069539295392953,5.0,2003-08-01,2003,8,3,-8.509219550600217e-06,-0.0012221607751722319,0.0070145403884755994,Warm,2.0,310.0
2003-09,1.284,185.1,0.0069367909238249,31.0,2003-09-01,2003,9,3,-1.7138615470399347e-05,-0.0024645943525243297,0.0069510530739887,Warm,5.0,80.0
2003-10,1.297,184.9,0.0070146024878312,372.0,2003-10-01,2003,10,4,7.781156400629968e-05,0.011217227801842755,0.006968440983650466,Cold,31.0,2.0
2003-11,1.331,185.0,0.0071945945945945,574.0,2003-11-01,2003,11,4,0.00017999210676329994,0.025659630331946293,0.007048662668750199,Cold,372.0,5.0
2003-12,1.36,185.5,0.0073315363881401,898.0,2003-12-01,2003,12,4,0.00013694179354560056,0.01903398332527151,0.0071802444901886,Severe,574.0,31.0
2004-01,1.508,186.3,0.008094471282877,1374.0,2004-01-01,2004,1,1,0.0007629348947368999,0.10406207571595294,0.007540200755203866,Severe,898.0,372.0
2004-02,1.558,186.7,0.0083449384038564,928.0,2004-02-01,2004,2,1,0.0002504671209793991,0.030942987160784252,0.0079236486916245,Severe,1374.0,574.0
2004-03,1.541,187.1,0.0082362373062533,795.0,2004-03-01,2004,3,1,-0.00010870109760310019,-0.013025991606225196,0.0082252156643289,Cold,928.0,898.0
2004-04,1.519,187.4,0.0081056563500533,468.0,2004-04-01,2004,4,2,-0.00013058095619999932,-0.015854443157053866,0.008228944020054333,Cold,795.0,1374.0
2004-05,1.533,188.2,0.0081455897980871,214.0,2004-05-01,2004,5,2,3.993344803379997e-05,0.004926614984551714,0.0081624944847979,Mild,468.0,928.0
2004-06,1.537,188.9,0.0081365802011646,54.0,2004-06-01,2004,6,2,-9.009596922500071e-06,-0.00110607054195333,0.008129275449768334,Mild,214.0,795.0
2004-07,1.536,189.1,0.0081226864093072,3.0,2004-07-01,2004,7,3,-1.3893791857400029e-05,-0.0017075714260655905,0.008134952136186301,Warm,54.0,468.0
2004-08,1.607,189.2,0.0084936575052854,4.0,2004-08-01,2004,8,3,0.00037097109597820054,0.04567098583950391,0.0082509747052524,Warm,3.0,214.0
2004-09,1.671,189.8,0.0088040042149631,60.0,2004-09-01,2004,9,3,0.0003103467096776998,0.036538641861245,0.008473449376518567,Mild,4.0,54.0
2004-10,1.882,190.8,0.0098637316561844,347.0,2004-10-01,2004,10,4,0.0010597274412213007,0.12036880212076806,0.0090537977921443,Cold,60.0,3.0
2004-11,1.958,191.7,0.0102138758476786,620.0,2004-11-01,2004,11,4,0.0003501441914941991,0.03549814651280214,0.009627203906275366,Cold,347.0,4.0
2004-12,1.895,191.7,0.009885237350026,931.0,2004-12-01,2004,12,4,-0.00032863849765260057,-0.03217568947906224,0.009987614951296332,Severe,620.0,60.0
2005-01,1.859,191.6,0.0097025052192066,1187.0,2005-01-01,2005,1,1,-0.00018273213081940014,-0.018485355925107805,0.009933872805637066,Severe,931.0,347.0
2005-02,1.962,192.4,0.0101975051975051,949.0,2005-02-01,2005,2,1,0.0004949999782985007,0.05101774924260005,0.009928415922245899,Severe,1187.0,620.0
2005-03,2.078,193.1,0.0107612635939927,923.0,2005-03-01,2005,3,1,0.0005637583964876007,0.05528395284618526,0.010220424670234799,Severe,949.0,931.0
2005-04,2.12,193.7,0.0109447599380485,463.0,2005-04-01,2005,4,2,0.00018349634405579948,0.017051561134348026,0.010634509576515433,Cold,923.0,1187.0
2005-05,2.036,193.6,0.0105165289256198,398.0,2005-05-01,2005,5,2,-0.00042823101242869983,-0.03912657882426385,0.010740850819220334,Cold,463.0,949.0
2005-06,2.059,193.7,0.010629839958699,69.0,2005-06-01,2005,6,2,0.00011331103307920046,0.010774565817354365,0.010697042940789101,Mild,398.0,923.0
2005-07,2.173,194.9,0.0111493073370959,11.0,2005-07-01,2005,7,3,0.0005194673783968998,0.0488687863989703,0.010765225407138234,Warm,69.0,463.0
2005-08,2.276,196.1,0.0116063233044365,0.0,2005-08-01,2005,8,3,0.00045701596734059984,0.04099052555668803,0.011128490200077135,Warm,11.0,398.0
2005-09,2.593,198.8,0.013043259557344,36.0,2005-09-01,2005,9,3,0.0014369362529075003,0.12380632653565948,0.011932963399625468,Warm,0.0,69.0
2005-10,2.626,199.1,0.0131893520843797,332.0,2005-10-01,2005,10,4,0.00014609252703570025,0.011200614876474058,0.012612978315386734,Cold,36.0,11.0
2005-11,2.458,198.1,0.0124078748107016,574.0,2005-11-01,2005,11,4,-0.0007814772736781002,-0.05925061888397176,0.012880162150808434,Cold,332.0,0.0
2005-12,2.407,198.1,0.0121504290762241,1009.0,2005-12-01,2005,12,4,-0.0002574457344774999,-0.020748576078109426,0.012582551990435134,Severe,574.0,36.0
2006-01,2.418,199.3,0.0121324636226793,884.0,2006-01-01,2006,1,1,-1.796545354480067e-05,-0.0014785859356979403,0.012230255836535002,Severe,1009.0,332.0
2006-02,2.423,199.4,0.0121514543630892,953.0,2006-02-01,2006,2,1,1.8990740409900037e-05,0.001565283111535587,0.012144782353997532,Severe,884.0,574.0
2006-03,2.429,199.7,0.0121632448673009,816.0,2006-03-01,2006,3,1,1.179050421169954e-05,0.0009702957242314625,0.012149054284356467,Severe,953.0,1009.0
2006-04,2.526,200.7,0.0125859491778774,455.0,2006-04-01,2006,4,2,0.0004227043105764997,0.03475259399840569,0.012300216136089165,Cold,816.0,884.0
2006-05,2.572,201.3,0.0127769498261301,267.0,2006-05-01,2006,5,2,0.00019100064825269998,0.015175704712714566,0.012508714623769466,Mild,455.0,953.0
2006-06,2.566,201.8,0.0127155599603567,58.0,2006-06-01,2006,6,2,-6.138986577339939e-05,-0.004804735606603994,0.012692819654788065,Mild,267.0,816.0
2006-07,2.597,202.9,0.012799408575653,0.0,2006-07-01,2006,7,3,8.384861529629924e-05,0.006594174032265476,0.012763972787379932,Warm,58.0,455.0
2006-08,2.649,203.8,0.0129980372914622,12.0,2006-08-01,2006,8,3,0.00019862871580920115,0.015518585459255663,0.0128376686091573,Warm,0.0,267.0
2006-09,2.531,202.8,0.0124802761341222,69.0,2006-09-01,2006,9,3,-0.0005177611573400007,-0.039833795343862666,0.012759240667079133,Mild,12.0,58.0
2006-10,2.396,201.9,0.011867261020307,336.0,2006-10-01,2006,10,4,-0.0006130151138152001,-0.04911871397934553,0.012448524815297133,Cold,69.0,0.0
2006-11,2.375,202.0,0.0117574257425742,477.0,2006-11-01,2006,11,4,-0.0001098352777327994,-0.009255318269721369,0.012034987632334467,Cold,336.0,12.0
2006-12,2.46,203.1,0.0121122599704579,744.0,2006-12-01,2006,12,4,0.0003548342278836998,0.03017958485579264,0.0119123155777797,Cold,477.0,69.0
2007-01,2.368,203.437,0.0116399671642818,1000.0,2007-01-01,2007,1,1,-0.0004722928061761007,-0.03899295485136833,0.011836550959104632,Severe,744.0,336.0
2007-02,2.425,204.226,0.011874100261475,1088.0,2007-02-01,2007,2,1,0.00023413309719320062,0.020114583992269175,0.0118754424654049,Severe,1000.0,477.0
2007-03,2.505,205.288,0.012202369354273,854.0,2007-03-01,2007,3,1,0.0003282690927979993,0.02764580773021219,0.011905478926676599,Severe,1088.0,744.0
2007-04,2.555,205.904,0.0124086953143212,599.0,2007-04-01,2007,4,2,0.00020632596004820092,0.01690868011432145,0.012161721643356401,Cold,854.0,1000.0
2007-05,2.567,206.755,0.0124156610481004,178.0,2007-05-01,2007,5,2,6.965733779199998e-06,0.0005613590794804058,0.012342241905564868,Mild,599.0,1088.0
2007-06,2.561,207.234,0.0123580107511315,50.0,2007-06-01,2007,6,2,-5.765029696890023e-05,-0.004643352999534445,0.012394122371184367,Warm,178.0,854.0
2007-07,2.621,207.603,0.0126250584047436,0.0,2007-07-01,2007,7,3,0.00026704765361209963,0.021609275067805633,0.012466243401325168,Warm,50.0,599.0
2007-08,2.634,207.667,0.0126837677628125,12.0,2007-08-01,2007,8,3,5.870935806889972e-05,0.004650224671185699,0.0125556123062292,Warm,0.0,178.0
2007-09,2.706,208.547,0.0129754923350611,52.0,2007-09-01,2007,9,3,0.0002917245722486011,0.022999835514483813,0.0127614395008724,Mild,12.0,50.0
2007-10,2.808,209.19,0.0134232037860318,209.0,2007-10-01,2007,10,4,0.00044771145097069996,0.034504390231185234,0.0130274879613018,Mild,52.0,0.0
2007-11,3.169,210.834,0.0150307825113596,659.0,2007-11-01,2007,11,4,0.0016075787253277997,0.11976118003964498,0.0138098262108175,Cold,209.0,12.0
2007-12,3.247,211.445,0.0153562392111423,1011.0,2007-12-01,2007,12,4,0.00032545669978270055,0.021652678397597436,0.014603408502844565,Severe,659.0,52.0
2008-01,3.337,212.174,0.0157276574886649,979.0,2008-01-01,2008,1,1,0.00037141827752259875,0.024186799412000637,0.015371559737055599,Severe,1011.0,209.0
2008-02,3.338,212.687,0.0156944242008209,942.0,2008-02-01,2008,2,1,-3.3233287843999204e-05,-0.002113047532218415,0.0155927736335427,Severe,979.0,659.0
2008-03,3.699,213.448,0.0173297477605786,830.0,2008-03-01,2008,3,1,0.0016353235597576996,0.10419774174780905,0.016250609816688133,Severe,942.0,1011.0
2008-04,3.875,213.942,0.0181123855998354,472.0,2008-04-01,2008,4,2,0.0007826378392567987,0.0451615251456301,0.017045519187078303,Cold,830.0,979.0
2008-05,4.185,215.208,0.0194463031114084,239.0,2008-05-01,2008,5,2,0.0013339175115730031,0.07364670458347167,0.018296145490607468,Mild,472.0,942.0
2008-06,4.589,217.463,0.021102440415151,29.0,2008-06-01,2008,6,2,0.001656137303742599,0.08516463485396386,0.019553709708798266,Warm,239.0,830.0
2008-07,4.649,219.016,0.0212267596887898,0.0,2008-07-01,2008,7,3,0.00012431927363880033,0.005891227326937143,0.020591834405116402,Warm,29.0,472.0
2008-08,4.217,218.69,0.0192830033380584,0.0,2008-08-01,2008,8,3,-0.0019437563507314001,-0.09157103482722939,0.020537401147333066,Warm,0.0,239.0
2008-09,3.952,218.877,0.018055803030926,84.0,2008-09-01,2008,9,3,-0.0012272003071324006,-0.06364155446212594,0.0195218553525914,Mild,0.0,29.0
2008-10,3.544,216.995,0.016332173552386,363.0,2008-10-01,2008,10,4,-0.0017236294785400001,-0.0954612473113362,0.0178903266404568,Cold,84.0,0.0
2008-11,3.003,213.153,0.0140884716612011,648.0,2008-11-01,2008,11,4,-0.002243701891184899,-0.13737925843049303,0.01615881608150437,Cold,363.0,0.0
2008-12,2.637,211.398,0.0124741009848721,909.0,2008-12-01,2008,12,4,-0.0016143706763290001,-0.11458806286099088,0.014298248732819735,Severe,648.0,84.0
2009-01,2.509,211.933,0.0118386471196085,1244.0,2009-01-01,2009,1,1,-0.0006354538652636015,-0.05094185673454499,0.012800406588560567,Severe,909.0,363.0
2009-02,2.451,212.705,0.0115230013398838,898.0,2009-02-01,2009,2,1,-0.00031564577972469955,-0.026662318467275847,0.011945249814788133,Severe,1244.0,648.0
2009-03,2.319,212.495,0.010913197957599,854.0,2009-03-01,2009,3,1,-0.0006098033822848001,-0.05292053383471618,0.011424948805697098,Severe,898.0,909.0
2009-04,2.354,212.709,0.0110667625723406,451.0,2009-04-01,2009,4,2,0.00015356461474159977,0.014071458736315767,0.0111676539566078,Cold,854.0,1244.0
2009-05,2.344,213.022,0.0110035583179202,195.0,2009-05-01,2009,5,2,-6.320425442039868e-05,-0.005711178314999454,0.010994506282619934,Mild,451.0,898.0
2009-06,2.449,214.79,0.01140183434983,82.0,2009-06-01,2009,6,2,0.00039827603190979895,0.036195203442614954,0.011157385080030266,Mild,195.0,854.0
2009-07,2.452,214.726,0.0114192040088298,16.0,2009-07-01,2009,7,3,1.7369658999800627e-05,0.0015234091696885166,0.01127486555886,Warm,82.0,451.0
2009-08,2.559,215.445,0.0118777414189236,6.0,2009-08-01,2009,8,3,0.0004585374100937994,0.040154936345759173,0.011566259925861133,Warm,16.0,195.0
2009-09,2.553,215.861,0.0118270553735968,91.0,2009-09-01,2009,9,3,-5.0686045326799045e-05,-0.004267313417519403,0.011708000267116733,Mild,6.0,82.0
2009-10,2.603,216.509,0.012022594903676,408.0,2009-10-01,2009,10,4,0.00019553953007919907,0.016533238739689038,0.011909130565398801,Cold,91.0,16.0
2009-11,2.79,217.234,0.0128432934071093,485.0,2009-11-01,2009,11,4,0.0008206985034333002,0.06826300894346571,0.012230981228127366,Cold,408.0,6.0
2009-12,2.788,217.347,0.0128274142270194,987.0,2009-12-01,2009,12,4,-1.5879180089899483e-05,-0.0012363791425266113,0.012564434179268233,Severe,485.0,91.0
2010-01,2.967,217.488,0.0136421319796954,1098.0,2010-01-01,2010,1,1,0.0008147177526759992,0.06351379461652495,0.0131042798712747,Severe,987.0,408.0
2010-02,2.89,217.281,0.013300748799941,891.0,2010-02-01,2010,2,1,-0.0003413831797543995,-0.02502418099036907,0.013256765002218599,Severe,1098.0,485.0
2010-03,2.908,217.353,0.0133791574075352,655.0,2010-03-01,2010,3,1,7.840860759419921e-05,0.005895052133797707,0.013440679395723867,Cold,891.0,987.0
2010-04,2.981,217.403,0.0137118623018081,362.0,2010-04-01,2010,4,2,0.00033270489427290016,0.024867402642674508,0.013463922836428098,Cold,655.0,1098.0
2010-05,2.913,217.29,0.0134060472180035,135.0,2010-05-01,2010,5,2,-0.0003058150838045996,-0.022302957619715458,0.0134990223091156,Mild,362.0,891.0
2010-06,2.828,217.199,0.013020317773102,20.0,2010-06-01,2010,6,2,-0.0003857294449014989,-0.028772794741725782,0.013379409097637865,Warm,135.0,655.0
2010-07,2.8,217.605,0.0128673513935801,0.0,2010-07-01,2010,7,3,-0.00015296637952190092,-0.011748283120854852,0.013097905461561867,Warm,20.0,362.0
2010-08,2.814,217.923,0.012912817830151,6.0,2010-08-01,2010,8,3,4.546643657090017e-05,0.003533472832146778,0.012933495665611033,Warm,0.0,135.0
2010-09,2.83,218.275,0.0129652960714694,32.0,2010-09-01,2010,9,3,5.247824131839919e-05,0.004064042566748194,0.012915155098400166,Warm,6.0,20.0
2010-10,2.936,219.035,0.0134042504622548,304.0,2010-10-01,2010,10,4,0.00043895439078540065,0.03385610234935821,0.013094121454625067,Cold,32.0,0.0
2010-11,3.044,219.59,0.0138621977321371,606.0,2010-11-01,2010,11,4,0.00045794726988230075,0.03416433251317108,0.013410581421953767,Cold,304.0,6.0
2010-12,3.193,220.472,0.014482564679415,1002.0,2010-12-01,2010,12,4,0.0006203669472778992,0.04475242376897315,0.013916337624602301,Severe,606.0,32.0
2011-01,3.415,221.187,0.0154394245593095,1160.0,2011-01-01,2011,1,1,0.0009568598798945002,0.06606978122145368,0.0145947289902872,Severe,1002.0,304.0
2011-02,3.607,221.898,0.0162552163606702,965.0,2011-02-01,2011,2,1,0.0008157918013607015,0.05283822581773645,0.0153924018664649,Severe,1160.0,606.0
2011-03,3.827,223.046,0.0171578956807116,808.0,2011-03-01,2011,3,1,0.0009026793200413996,0.055531670573481184,0.016284178866897103,Severe,965.0,1002.0
2011-04,3.975,224.093,0.0177381712057047,449.0,2011-04-01,2011,4,2,0.0005802755249930992,0.033819737326263644,0.017050427749028832,Cold,808.0,1160.0
2011-05,3.914,224.806,0.017410567333612,233.0,2011-05-01,2011,5,2,-0.00032760387209269937,-0.018468864027388565,0.017435544740009436,Mild,449.0,965.0
2011-06,3.824,224.806,0.0170102221470957,67.0,2011-06-01,2011,6,2,-0.00040034518651630227,-0.022994379151758948,0.017386320228804132,Mild,233.0,808.0
2011-07,3.689,225.395,0.0163668226890569,0.0,2011-07-01,2011,7,3,-0.0006433994580387972,-0.03782428309724639,0.0169292040565882,Warm,67.0,449.0
2011-08,3.671,226.106,0.0162357478350861,0.0,2011-08-01,2011,8,3,-0.00013107485397080218,-0.008008570536933934,0.016537597557079568,Warm,0.0,233.0
2011-09,3.654,226.597,0.0161255444688146,45.0,2011-09-01,2011,9,3,-0.00011020336627149893,-0.006787698810728382,0.016242704997652534,Warm,0.0,67.0
2011-10,3.642,226.75,0.0160617420066152,256.0,2011-10-01,2011,10,4,-6.380246219940197e-05,-0.003956608244936488,0.01614101143683863,Mild,45.0,0.0
2011-11,3.682,227.169,0.016208197421303,439.0,2011-11-01,2011,11,4,0.00014645541468780165,0.009118277122586171,0.016131827965577602,Cold,256.0,0.0
2011-12,3.646,227.223,0.0160459108452929,774.0,2011-12-01,2011,12,4,-0.00016228657601009833,-0.010012623352970706,0.0161052834244037,Cold,439.0,45.0
2012-01,3.697,227.842,0.0162261567226411,956.0,2012-01-01,2012,1,1,0.00018024587734820005,0.0112331346650274,0.016160088329745668,Severe,774.0,256.0
2012-02,3.804,228.329,0.0166601701930109,802.0,2012-02-01,2012,2,1,0.0004340134703697991,0.02674776768082121,0.016310745920314968,Severe,956.0,439.0
2012-03,3.909,228.807,0.0170842675267802,577.0,2012-03-01,2012,3,1,0.0004240973337692987,0.025455762387542213,0.01665686481414407,Cold,802.0,774.0
2012-04,3.858,229.187,0.0168334155078603,372.0,2012-04-01,2012,4,2,-0.0002508520189198997,-0.014683217675365956,0.016859284409217135,Cold,577.0,956.0
2012-05,3.749,228.713,0.0163917223769527,179.0,2012-05-01,2012,5,2,-0.0004416931309076007,-0.026239067805422733,0.016769801803864403,Mild,372.0,802.0
2012-06,3.513,228.524,0.0153725648071974,79.0,2012-06-01,2012,6,2,-0.0010191575697553,-0.06217513610334624,0.016199234230670132,Mild,179.0,577.0
2012-07,3.492,228.59,0.0152762588039721,0.0,2012-07-01,2012,7,3,-9.630600322529936e-05,-0.006264797347298123,0.015680181996040734,Warm,79.0,372.0
2012-08,3.66,229.918,0.0159187188475891,0.0,2012-08-01,2012,8,3,0.0006424600436170016,0.04205611150355426,0.015522514152919534,Warm,0.0,179.0
2012-09,3.817,231.015,0.0165227366188342,76.0,2012-09-01,2012,9,3,0.0006040177712450974,0.03794386828664775,0.015905904756798466,Mild,0.0,79.0
2012-10,3.847,231.638,0.0166078104628774,270.0,2012-10-01,2012,10,4,8.50738440432014e-05,0.0051488954890333005,0.0163497553097669,Mild,76.0,0.0
2012-11,3.847,231.249,0.0166357476140437,687.0,2012-11-01,2012,11,4,2.793715116630041e-05,0.0016821694364075324,0.0165887648985851,Cold,270.0,0.0
2012-12,3.844,231.221,0.016624787540924,824.0,2012-12-01,2012,12,4,-1.0960073119702096e-05,-0.0006588266048500602,0.016622781872615035,Severe,687.0,76.0
2013-01,3.841,231.679,0.0165789734934974,1038.0,2013-01-01,2013,1,1,-4.581404742659903e-05,-0.0027557673933469307,0.016613169549488365,Severe,824.0,270.0
2013-02,3.965,232.937,0.0170217698347621,949.0,2013-02-01,2013,2,1,0.0004427963412646993,0.02670830865604401,0.016741843623061164,Severe,1038.0,687.0
2013-03,3.879,232.282,0.0166995290207592,846.0,2013-03-01,2013,3,1,-0.00032224081400289775,-0.01893109924120895,0.0167667574496729,Severe,949.0,824.0
2013-04,3.701,231.797,0.0159665569442227,483.0,2013-04-01,2013,4,2,-0.0007329720765365012,-0.04389178135654859,0.016562618599914668,Cold,846.0,1038.0
2013-05,3.599,231.893,0.0155200890065676,227.0,2013-05-01,2013,5,2,-0.00044646793765510014,-0.02796269347328817,0.016062058323849833,Mild,483.0,949.0
2013-06,3.569,232.445,0.0153541698036094,28.0,2013-06-01,2013,6,2,-0.00016591920295819934,-0.0106906089834915,0.015613605251466567,Warm,227.0,846.0
2013-07,3.604,232.9,0.0154744525547445,2.0,2013-07-01,2013,7,3,0.00012028275113509963,0.007833881784140795,0.015449570454973832,Warm,28.0,483.0
2013-08,3.651,233.456,0.015638921252827,0.0,2013-08-01,2013,8,3,0.000164468698082499,0.01062840171570878,0.015489181203726965,Warm,2.0,227.0
2013-09,3.694,233.544,0.0158171479464255,88.0,2013-09-01,2013,9,3,0.00017822669359850163,0.01139635469206568,0.015643507251332334,Mild,0.0,28.0
2013-10,3.684,233.669,0.0157658910681348,275.0,2013-10-01,2013,10,4,-5.125687829070011e-05,-0.0032405891671692943,0.015740653422462433,Mild,88.0,2.0
2013-11,3.683,234.1,0.0157325929090132,669.0,2013-11-01,2013,11,4,-3.329815912159889e-05,-0.002112037878334694,0.015771877307857837,Cold,275.0,0.0
2013-12,3.772,234.719,0.0160702797813555,981.0,2013-12-01,2013,12,4,0.0003376868723422993,0.02146415878776331,0.015856254586167833,Severe,669.0,88.0
2014-01,3.904,235.288,0.0165924314032164,1161.0,2014-01-01,2014,1,1,0.0005221516218608981,0.032491756768708635,0.016131768031195034,Severe,981.0,275.0
2014-02,4.072,235.547,0.0172874203449842,1006.0,2014-02-01,2014,2,1,0.0006949889417677997,0.04188590116051816,0.01665004384318537,Severe,1161.0,669.0
2014-03,3.952,236.028,0.0167437761621502,975.0,2014-03-01,2014,3,1,-0.0005436441828339973,-0.03144738613310405,0.0168745426367836,Severe,1006.0,981.0
2014-04,3.83,236.468,0.0161966946901906,507.0,2014-04-01,2014,4,2,-0.0005470814719596012,-0.03267372106874522,0.016742630399108335,Cold,975.0,1161.0
2014-05,3.815,236.918,0.016102617783368,215.0,2014-05-01,2014,5,2,-9.407690682260161e-05,-0.005808401567239385,0.01634769621190293,Mild,507.0,1006.0
2014-06,3.779,237.231,0.0159296213395382,31.0,2014-06-01,2014,6,2,-0.00017299644382979748,-0.010743373913307486,0.016076311271032265,Warm,215.0,975.0
2014-07,3.753,237.498,0.0158022383346386,0.0,2014-07-01,2014,7,3,-0.00012738300489959983,-0.00799661223480741,0.015944825819181604,Warm,31.0,507.0
2014-08,3.705,237.46,0.0156026278109997,0.0,2014-08-01,2014,8,3,-0.0001996105236389007,-0.012631787941164818,0.015778162495058836,Warm,0.0,215.0
2014-09,3.642,237.477,0.0153362220341338,79.0,2014-09-01,2014,9,3,-0.00026640577686590054,-0.017074417213111204,0.0155803627265907,Mild,0.0,31.0
2014-10,3.515,237.43,0.0148043633913153,277.0,2014-10-01,2014,10,4,-0.0005318586428184995,-0.0346798997585418,0.015247737745482935,Mild,79.0,0.0
2014-11,3.384,236.983,0.0142795052809695,674.0,2014-11-01,2014,11,4,-0.0005248581103457998,-0.03545293346782463,0.014806696902139533,Cold,277.0,0.0
2014-12,3.138,236.252,0.0132824272387112,829.0,2014-12-01,2014,12,4,-0.0009970780422583012,-0.06982581137367005,0.014122098636998667,Severe,674.0,79.0
2015-01,2.811,234.747,0.0119745939245229,1203.0,2015-01-01,2015,1,1,-0.0013078333141883,-0.0984634277066968,0.013178842148067867,Severe,829.0,277.0
2015-02,2.864,235.342,0.0121695235019673,1284.0,2015-02-01,2015,2,1,0.00019492957744440126,0.01627859605704063,0.012475514888400466,Severe,1203.0,674.0
2015-03,3.019,235.976,0.0127936739329423,983.0,2015-03-01,2015,3,1,0.0006241504309749991,0.05128799257210859,0.012312597119810835,Severe,1284.0,829.0
2015-04,2.755,236.222,0.0116627579141654,510.0,2015-04-01,2015,4,2,-0.0011309160187768993,-0.08839650163858837,0.012208651783025,Cold,983.0,1203.0
2015-05,2.788,237.001,0.011763663444458,143.0,2015-05-01,2015,5,2,0.00010090553029259985,0.008651944165799952,0.012073365097188567,Mild,510.0,1284.0
2015-06,2.743,237.657,0.0115418439179153,103.0,2015-06-01,2015,6,2,-0.0002218195265426999,-0.018856330563180257,0.011656088425512903,Mild,143.0,983.0
2015-07,2.651,238.034,0.0111370644529773,1.0,2015-07-01,2015,7,3,-0.0004047794649380005,-0.03507060637942783,0.011480857271783532,Warm,103.0,510.0
2015-08,2.437,238.033,0.0102380762331273,0.0,2015-08-01,2015,8,3,-0.0008989882198500009,-0.08072039303046974,0.010972328201339967,Warm,1.0,143.0
2015-09,2.376,237.498,0.0100042947730086,35.0,2015-09-01,2015,9,3,-0.00023378146011869896,-0.02283451058532393,0.010459811819704401,Warm,0.0,103.0
2015-10,2.35,237.733,0.0098850390984844,342.0,2015-10-01,2015,10,4,-0.00011925567452420079,-0.011920447890634955,0.010042470034873434,Cold,35.0,1.0
2015-11,2.302,238.017,0.0096715780805572,495.0,2015-11-01,2015,11,4,-0.00021346101792719951,-0.02159435241484553,0.009853637317350067,Cold,342.0,0.0
2015-12,2.114,237.761,0.0088912815810835,612.0,2015-12-01,2015,12,4,-0.0007802964994737,-0.08067933619254253,0.0094826329200417,Cold,495.0,35.0
2016-01,1.97,237.652,0.0082894316058775,1005.0,2016-01-01,2016,1,1,-0.0006018499752059991,-0.06768990158701704,0.0089507637558394,Severe,612.0,342.0
2016-02,1.923,237.336,0.008102437051269,877.0,2016-02-01,2016,2,1,-0.00018699455460850084,-0.02255818776234486,0.008427716746076667,Severe,1005.0,495.0
2016-03,1.947,238.08,0.0081779233870967,697.0,2016-03-01,2016,3,1,7.548633582770033e-05,0.009316497659908052,0.0081899306814144,Cold,877.0,612.0
2016-04,1.989,238.992,0.0083224543080939,540.0,2016-04-01,2016,4,2,0.000144530920997199,0.017673303374942773,0.008200938248819865,Cold,697.0,1005.0
2016-05,2.097,239.557,0.0087536577933435,238.0,2016-05-01,2016,5,2,0.0004312034852496007,0.05181205799234467,0.008418011829511365,Mild,540.0,877.0
2016-06,2.155,240.222,0.0089708686131994,19.0,2016-06-01,2016,6,2,0.00021721081985589911,0.02481372073067245,0.008682326904878933,Warm,238.0,697.0
2016-07,2.13,240.101,0.0088712666752741,7.0,2016-07-01,2016,7,3,-9.960193792529944e-05,-0.011102819829369559,0.008865264360605666,Warm,19.0,540.0
2016-08,2.073,240.545,0.0086179301170259,0.0,2016-08-01,2016,8,3,-0.00025333655824819924,-0.028556976982136772,0.008820021801833132,Warm,7.0,238.0
2016-09,2.122,241.176,0.0087985537532756,48.0,2016-09-01,2016,9,3,0.00018062363624970004,0.02095905093183026,0.008762583515191867,Warm,0.0,19.0
2016-10,2.288,241.741,0.0094646750034127,312.0,2016-10-01,2016,10,4,0.000666121250137099,0.07570803893641154,0.008960386291238067,Cold,48.0,7.0
2016-11,2.256,242.026,0.009321312586251,564.0,2016-11-01,2016,11,4,-0.00014336241716170033,-0.015147104059041405,0.0091948471143131,Cold,312.0,0.0
2016-12,2.394,242.637,0.0098665908332199,920.0,2016-12-01,2016,12,4,0.0005452782469689017,0.05849801108195751,0.009550859474294534,Severe,564.0,48.0
2017-01,2.482,243.618,0.0101880813404592,926.0,2017-01-01,2017,1,1,0.00032149050723929984,0.03258374778823003,0.009791994919976699,Severe,920.0,312.0
2017-02,2.474,244.006,0.0101390949402883,793.0,2017-02-01,2017,2,1,-4.898640017090075e-05,-0.004808206622415212,0.010064589037989133,Cold,926.0,564.0
2017-03,2.449,243.892,0.0100413297689141,959.0,2017-03-01,2017,3,1,-9.776517137419921e-05,-0.009642396283885635,0.0101228353498872,Severe,793.0,920.0
2017-04,2.438,244.193,0.0099839061725766,417.0,2017-04-01,2017,4,2,-5.7423596337501104e-05,-0.005718724278458875,0.010054776960593,Cold,959.0,926.0
2017-05,2.378,244.004,0.009745741873084,310.0,2017-05-01,2017,5,2,-0.0002381642994925999,-0.02385482148728324,0.009923659271524901,Cold,417.0,793.0
2017-06,2.284,244.163,0.0093544066873359,52.0,2017-06-01,2017,6,2,-0.00039133518574810053,-0.0401544788323297,0.009694684910998834,Mild,310.0,959.0
2017-07,2.215,244.243,0.0090688371826418,11.0,2017-07-01,2017,7,3,-0.0002855695046940984,-0.030527805155264987,0.0093896619143539,Warm,52.0,417.0
2017-08,2.292,245.183,0.009348119567833,3.0,2017-08-01,2017,8,3,0.00027928238519119887,0.030795831876412993,0.0092571211459369,Warm,11.0,310.0
2017-09,2.481,246.435,0.0100675634548663,40.0,2017-09-01,2017,9,3,0.0007194438870333011,0.07696134840946156,0.009494840068447032,Warm,3.0,52.0
2017-10,2.52,246.626,0.010217900789049,151.0,2017-10-01,2017,10,4,0.00015033733418269926,0.01493284197876421,0.009877861270582766,Mild,40.0,11.0
2017-11,2.633,247.284,0.0106476763559308,638.0,2017-11-01,2017,11,4,0.0004297755668818005,0.0420610432372186,0.010311046866615367,Cold,151.0,3.0
2017-12,2.703,247.805,0.010907770222554,1062.0,2017-12-01,2017,12,4,0.0002600938666231997,0.024427288915325196,0.010591115789177935,Severe,638.0,40.0
2018-01,2.902,248.859,0.0116612218163699,1126.0,2018-01-01,2018,1,1,0.0007534515938158997,0.06907475849261902,0.011072222798284901,Severe,1062.0,151.0
2018-02,2.856,249.529,0.0114455634415238,753.0,2018-02-01,2018,2,1,-0.00021565837484609912,-0.018493634564378136,0.011338185160149233,Cold,1126.0,638.0
2018-03,2.827,249.577,0.0113271655641345,859.0,2018-03-01,2018,3,1,-0.00011839787738930109,-0.010344434155138305,0.011477983607342734,Severe,753.0,1062.0
2018-04,2.875,250.227,0.0114895674727347,589.0,2018-04-01,2018,4,2,0.0001624019086001998,0.014337382788366604,0.011420765492797665,Cold,859.0,1126.0
2018-05,3.132,250.792,0.0124884366327474,158.0,2018-05-01,2018,5,2,0.0009988691600127005,0.08693705506173877,0.011768389889872199,Mild,589.0,753.0
2018-06,3.132,251.018,0.0124771928706307,57.0,2018-06-01,2018,6,2,-1.1243762116700667e-05,-0.0009003338406039507,0.012151732325370932,Mild,158.0,859.0
2018-07,3.22,251.214,0.0128177569721432,0.0,2018-07-01,2018,7,3,0.00034056410151250133,0.027294929640314658,0.012594462158507102,Warm,57.0,589.0
2018-08,3.229,251.663,0.0128306505127889,0.0,2018-08-01,2018,8,3,1.2893540645700016e-05,0.0010059123974437423,0.012708533451854265,Warm,0.0,158.0
2018-09,3.279,252.182,0.0130025140573078,29.0,2018-09-01,2018,9,3,0.00017186354451889999,0.013394764696271322,0.012883640514079968,Warm,0.0,57.0
2018-10,3.381,252.772,0.0133756903454496,350.0,2018-10-01,2018,10,4,0.0003731762881417997,0.028700317992124358,0.0130696183051821,Cold,29.0,0.0
2018-11,3.286,252.594,0.013009018424824,661.0,2018-11-01,2018,11,4,-0.00036667192062560076,-0.027413308110137424,0.013129074275860466,Cold,350.0,0.0
2018-12,2.951,252.767,0.0116747834962633,858.0,2018-12-01,2018,12,4,-0.001334234928560699,-0.10256230600878324,0.012686497422178969,Severe,661.0,29.0
2019-01,2.934,252.561,0.0116169954981172,1059.0,2019-01-01,2019,1,1,-5.778799814610061e-05,-0.004949813259029323,0.0121002658064015,Severe,858.0,350.0
2019-02,3.03,253.319,0.0119612030680683,879.0,2019-02-01,2019,2,1,0.00034420756995109936,0.029629655103756036,0.011750994020816266,Severe,1059.0,661.0
2019-03,3.05,254.277,0.0119947930799875,803.0,2019-03-01,2019,3,1,3.359001191920001e-05,0.0028082469403827304,0.011857663882057667,Severe,879.0,858.0
2019-04,3.103,255.233,0.0121575188161405,407.0,2019-04-01,2019,4,2,0.00016272573615300039,0.01356636459402516,0.012037838321398766,Cold,803.0,1059.0
2019-05,3.03,255.296,0.0118685760842316,242.0,2019-05-01,2019,5,2,-0.00028894273190890017,-0.02376658726822578,0.012006962660119866,Mild,407.0,879.0
2019-06,2.946,255.213,0.0115432991266118,21.0,2019-06-01,2019,6,2,-0.0003252769576197988,-0.027406569693895877,0.0118564646756613,Warm,242.0,803.0
2019-07,2.932,255.802,0.0114619901329934,0.0,2019-07-01,2019,7,3,-8.130899361840152e-05,-0.00704382626895228,0.011624621781278932,Warm,21.0,407.0
2019-08,2.87,256.036,0.0112093611835835,0.0,2019-08-01,2019,8,3,-0.0002526289494098992,-0.022040583395958935,0.0114048834810629,Warm,0.0,242.0
2019-09,2.894,256.43,0.011285730998713,30.0,2019-09-01,2019,9,3,7.63698151295001e-05,0.006813039019685219,0.011319027438429968,Warm,0.0,21.0
2019-10,3.008,257.155,0.0116972254088001,242.0,2019-10-01,2019,10,4,0.0004114944100870998,0.03646147601196814,0.0113974391970322,Mild,30.0,0.0
2019-11,2.984,257.879,0.0115713183314655,666.0,2019-11-01,2019,11,4,-0.00012590707733460028,-0.010763841247333539,0.011518091579659532,Cold,242.0,0.0
2019-12,3.035,258.63,0.0117349108765417,860.0,2019-12-01,2019,12,4,0.00016359254507620005,0.014137762041456226,0.011667818205602434,Severe,666.0,30.0
2020-01,3.052,259.127,0.0117780084668907,836.0,2020-01-01,2020,1,1,4.309759034899947e-05,0.0036725963070713963,0.011694745891632633,Severe,860.0,242.0
2020-02,2.812,259.25,0.0108466730954676,789.0,2020-02-01,2020,2,1,-0.000931335371423099,-0.07907409593406112,0.011453197479633333,Cold,836.0,666.0
2020-03,2.405,258.076,0.0093189603062663,717.0,2020-03-01,2020,3,1,-0.0015277127892013003,-0.14084620931736858,0.010647880622874866,Cold,789.0,860.0
2020-04,2.044,256.032,0.0079833770778652,613.0,2020-04-01,2020,4,2,-0.0013355832284010997,-0.1433189094606423,0.009383003493199699,Cold,717.0,836.0
2020-05,1.905,255.802,0.0074471661675827,287.0,2020-05-01,2020,5,2,-0.0005362109102825001,-0.06716592552908518,0.008249834517238068,Mild,613.0,789.0
2020-06,2.057,257.042,0.0080025832354245,41.0,2020-06-01,2020,6,2,0.0005554170678417998,0.0745809956892749,0.007811042160290801,Warm,287.0,717.0
2020-07,2.134,258.352,0.0082600483061869,0.0,2020-07-01,2020,7,3,0.00025746507076239954,0.0321727451234366,0.0079032659030647,Warm,41.0,613.0
2020-08,2.161,259.316,0.0083334618766292,2.0,2020-08-01,2020,8,3,7.341357044230064e-05,0.008887789480276131,0.0081986978060802,Warm,0.0,287.0
2020-09,2.123,259.997,0.008165478832448,71.0,2020-09-01,2020,9,3,-0.00016798304418120039,-0.0201576543659846,0.008252996338421368,Mild,2.0,41.0
2020-10,2.139,260.319,0.0082168416442902,321.0,2020-10-01,2020,10,4,5.1362811842200345e-05,0.006290238808542847,0.008238594117789134,Cold,71.0,0.0
2020-11,2.208,260.911,0.0084626558481627,511.0,2020-11-01,2020,11,4,0.0002458142038724992,0.02991589889569224,0.008281658774966968,Cold,321.0,2.0
2020-12,2.419,262.045,0.0092312389093476,898.0,2020-12-01,2020,12,4,0.0007685830611849007,0.09082055030652891,0.0086369121339335,Severe,511.0,71.0
2021-01,2.549,262.687,0.0097035635566282,1051.0,2021-01-01,2021,1,1,0.0004723246472806003,0.051165900039952694,0.009132486104712833,Severe,898.0,321.0
2021-02,2.79,263.579,0.010585061784133,955.0,2021-02-01,2021,2,1,0.0008814982275047994,0.09084273240037422,0.009839954750036267,Severe,1051.0,511.0
2021-03,2.873,264.961,0.0108431052117104,710.0,2021-03-01,2021,3,1,0.00025804342757740004,0.024378074766101765,0.010377243517490533,Cold,955.0,898.0
2021-04,2.785,266.614,0.0104458130480769,427.0,2021-04-01,2021,4,2,-0.0003972921636334996,-0.03664007273529257,0.010624660014640101,Cold,710.0,1051.0
2021-05,2.825,268.383,0.0105260020195019,173.0,2021-05-01,2021,5,2,8.01889714249996e-05,0.007676661553861708,0.010604973426429734,Mild,427.0,955.0
2021-06,2.952,270.654,0.0109069143629874,3.0,2021-06-01,2021,6,2,0.00038091234348550107,0.036187751320945205,0.010626243143522068,Warm,173.0,710.0
2021-07,2.98,271.903,0.0109597908077512,9.0,2021-07-01,2021,7,3,5.287644476379902e-05,0.004847974688720003,0.010797569063413502,Warm,3.0,427.0
2021-08,2.932,272.676,0.010752688172043,0.0,2021-08-01,2021,8,3,-0.0002071026357082003,-0.018896586562740736,0.010873131114260534,Warm,9.0,173.0
2021-09,2.999,273.91,0.0109488518126391,13.0,2021-09-01,2021,9,3,0.00019616364059609967,0.018243218575437314,0.010887110264144434,Warm,0.0,3.0
2021-10,3.422,276.55,0.0123738926053154,171.0,2021-10-01,2021,10,4,0.0014250407926763003,0.13015435929375418,0.011358477529999167,Mild,13.0,9.0
2021-11,3.512,278.919,0.0125914692079062,608.0,2021-11-01,2021,11,4,0.00021757660259080075,0.01758352117080264,0.011971404541953565,Cold,171.0,0.0
2021-12,3.443,280.845,0.0122594313589346,798.0,2021-12-01,2021,12,4,-0.0003320378489715999,-0.02637006400834563,0.012408264390718732,Cold,608.0,13.0
2022-01,3.776,282.543,0.013364337463678,1162.0,2022-01-01,2022,1,1,0.001104906104743399,0.09012702729789757,0.012738412676839601,Severe,798.0,171.0
2022-02,4.058,284.5,0.0142636203866432,890.0,2022-02-01,2022,2,1,0.0008992829229652003,0.06728974970957591,0.013295796403085267,Severe,1162.0,608.0
2022-03,4.928,287.674,0.0171305018875532,730.0,2022-03-01,2022,3,1,0.002866881500910001,0.20099255470894462,0.014919486579291466,Cold,890.0,798.0
2022-04,5.143,288.561,0.0178229213233943,447.0,2022-04-01,2022,4,2,0.000692419435841099,0.04042026558160572,0.0164056811991969,Cold,730.0,1162.0
2022-05,5.973,291.298,0.020504775178683,189.0,2022-05-01,2022,5,2,0.002681853855288699,0.1504721816713912,0.018486066129876834,Mild,447.0,890.0
2022-06,5.863,294.957,0.0198774736656529,38.0,2022-06-01,2022,6,2,-0.0006273015130300978,-0.030592947621403188,0.0194017233892434,Warm,189.0,730.0
2022-07,5.256,294.913,0.0178222051927178,0.0,2022-07-01,2022,7,3,-0.0020552684729351,-0.10339686559295924,0.0194014846790179,Warm,38.0,447.0
2022-08,4.953,295.097,0.0167843115992368,0.0,2022-08-01,2022,8,3,-0.001037893593481002,-0.058235980466945114,0.018161330152535834,Warm,0.0,189.0
2022-09,4.815,296.349,0.0162477349341485,61.0,2022-09-01,2022,9,3,-0.0005365766650882973,-0.03196894087170643,0.016951417242034365,Mild,0.0,38.0
2022-10,5.786,298.007,0.0194156513102041,263.0,2022-10-01,2022,10,4,0.0031679163760555996,0.1949758774927739,0.017482565947863134,Mild,61.0,0.0
2022-11,5.24,298.786,0.0175376356321916,489.0,2022-11-01,2022,11,4,-0.0018780156780125006,-0.0967268956373093,0.017733673958848065,Cold,263.0,0.0
2022-12,4.344,298.832,0.014536595813032,856.0,2022-12-01,2022,12,4,-0.0030010398191596,-0.1711199777495077,0.017163294251809236,Severe,489.0,61.0
2023-01,4.313,300.42,0.0143565674722055,840.0,2023-01-01,2023,1,1,-0.00018002834082650118,-0.01238449105567796,0.015476932972476367,Severe,856.0,263.0
2023-02,3.988,301.45,0.0132293912755017,840.0,2023-02-01,2023,2,1,-0.0011271761967037996,-0.0785129313734656,0.0140408515202464,Severe,840.0,489.0
2023-03,3.866,301.821,0.0128089165432491,751.0,2023-03-01,2023,3,1,-0.0004204747322525994,-0.03178337714080903,0.013464958430318766,Cold,840.0,856.0
2023-04,3.709,302.845,0.0122471891561689,430.0,2023-04-01,2023,4,2,-0.0005617273870802009,-0.04385440292186604,0.012761832324973235,Cold,751.0,840.0
2023-05,3.423,303.334,0.0112845905833174,188.0,2023-05-01,2023,5,2,-0.0009625985728514991,-0.07859751005532878,0.012113565427578467,Mild,430.0,840.0
2023-06,3.395,304.014,0.0111672488766964,77.0,2023-06-01,2023,6,2,-0.00011734170662099953,-0.010398401763416332,0.011566342872060901,Mild,188.0,751.0
2023-07,3.472,304.609,0.0113982187000384,0.0,2023-07-01,2023,7,3,0.00023096982334199975,0.02068278641340071,0.011283352720017402,Warm,77.0,430.0
2023-08,3.819,306.082,0.0124770486340261,0.0,2023-08-01,2023,8,3,0.0010788299339876996,0.09464899405589278,0.011680838736920302,Warm,0.0,188.0
2023-09,4.151,307.276,0.0135090277144977,60.0,2023-09-01,2023,9,3,0.0010319790804716004,0.08271019138751257,0.012461431682854067,Mild,0.0,77.0
2023-10,4.089,307.696,0.0132890905309136,203.0,2023-10-01,2023,10,4,-0.00021993718358410096,-0.01628075596795675,0.0130917222931458,Mild,60.0,0.0
2023-11,4.011,308.148,0.0130164726040733,659.0,2023-11-01,2023,11,4,-0.0002726179268403,-0.02051441565591905,0.013271530283161533,Cold,203.0,0.0
2023-12,3.821,308.741,0.012376069261938,748.0,2023-12-01,2023,12,4,-0.0006404033421352987,-0.04919945377020918,0.012893877465641634,Cold,659.0,60.0
2024-01,3.766,309.698,0.0121602335178141,987.0,2024-01-01,2024,1,1,-0.00021583574412390068,-0.017439765369420934,0.012517591794608466,Severe,748.0,203.0
2024-02,3.828,310.967,0.012309987876527,863.0,2024-02-01,2024,2,1,0.00014975435871289987,0.012315089055939366,0.012282096885426369,Severe,987.0,659.0
2024-03,3.774,312.345,0.0120827930653604,712.0,2024-03-01,2024,3,1,-0.00022719481116659918,-0.01845613606166263,0.012184338153233833,Cold,863.0,748.0
2024-04,3.706,313.023,0.0118393856042527,485.0,2024-04-01,2024,4,2,-0.00024340746110769994,-0.02014496646520525,0.012077388848713367,Cold,712.0,987.0
2024-05,3.694,313.175,0.0117953221042548,207.0,2024-05-01,2024,5,2,-4.4063499997901157e-05,-0.0037217725201951213,0.0119058335912893,Mild,485.0,863.0
2024-06,3.576,313.044,0.0114233142944761,7.0,2024-06-01,2024,6,2,-0.00037200780977869954,-0.03153858847521507,0.011686007334327867,Warm,207.0,712.0
2024-07,3.683,313.569,0.0117454212629437,0.0,2024-07-01,2024,7,3,0.00032210696846760034,0.028197330491323225,0.011654685887224866,Warm,7.0,485.0
2024-08,3.545,314.062,0.0112875801593315,2.0,2024-08-01,2024,8,3,-0.0004578411036122009,-0.038980390176099555,0.011485438572250433,Warm,0.0,207.0
2024-09,3.394,314.732,0.0107837779444098,37.0,2024-09-01,2024,9,3,-0.0005038022149216996,-0.04463332333504655,0.011272259788895,Warm,2.0,7.0
2024-10,3.427,315.631,0.0108576153799848,268.0,2024-10-01,2024,10,4,7.383743557499989e-05,0.0068470841995849074,0.010976324494575368,Mild,37.0,0.0
2024-11,3.41,316.528,0.0107731385533033,493.0,2024-11-01,2024,11,4,-8.447682668149929e-05,-0.007780421733967979,0.010804843959232632,Cold,268.0,2.0
2024-12,3.458,317.604,0.0108877721943048,918.0,2024-12-01,2024,12,4,0.00011463364100149954,0.010640691237220778,0.010839508709197634,Severe,493.0,37.0
2025-01,3.793,318.961,0.0118917359802609,1117.0,2025-01-01,2025,1,1,0.0010039637859561006,0.09221021234089166,0.011184215575956334,Severe,918.0,268.0
2025-02,3.827,319.679,0.0119713837943687,959.0,2025-02-01,2025,2,1,7.964781410779893e-05,0.0066977449078928775,0.011583630656311466,Severe,1117.0,493.0
2025-03,3.625,319.785,0.0113357412011195,703.0,2025-03-01,2025,3,1,-0.0006356425932492003,-0.05309683526713127,0.011732953658583034,Cold,959.0,918.0
2025-04,3.506,320.302,0.0109459197881998,431.0,2025-04-01,2025,4,2,-0.0003898214129196987,-0.03438870083600709,0.011417681594562667,Cold,703.0,1117.0
2025-05,3.433,320.62,0.0107073794523111,202.0,2025-05-01,2025,5,2,-0.00023854033588870116,-0.021792625974279334,0.010996346813876798,Mild,431.0,959.0
2025-06,3.463,321.435,0.0107735623065316,47.0,2025-06-01,2025,6,2,6.618285422050132e-05,0.006181050603022875,0.010808953849014168,Warm,202.0,703.0
2025-07,3.627,322.169,0.0112580664185567,0.0,2025-07-01,2025,7,3,0.00048450411202509945,0.04497157933837381,0.0109130027257998,Warm,47.0,431.0
2025-08,3.58,323.291,0.0110736147928646,7.0,2025-08-01,2025,8,3,-0.00018445162569210097,-0.016383952522084022,0.011035081172650967,Warm,0.0,202.0
2025-09,3.592,324.245,0.0110780428379774,36.0,2025-09-01,2025,9,3,4.4280451128014126e-06,0.0003998735007157972,0.0111365746831329,Warm,7.0,47.0
2025-11,3.727,325.063,0.0114654697704752,625.0,2025-11-01,2025,11,4,0.0003874269324977992,0.034972507162513766,0.011205709133772399,Cold,36.0,0.0
2025-12,3.66,326.031,0.0112259263689649,1045.0,2025-12-01,2025,12,4,-0.00023954340151030075,-0.020892593701406836,0.011256479659139167,Severe,625.0,7.0
